{
  "IcoMoonType": "selection",
  "icons": [
    {
      "icon": {
        "paths": [
          "M925.714 233.143c-25.143 36.571-56.571 69.143-92.571 95.429 0.571 8 0.571 16 0.571 24 0 244-185.714 525.143-525.143 525.143-104.571 0-201.714-30.286-283.429-82.857 14.857 1.714 29.143 2.286 44.571 2.286 86.286 0 165.714-29.143 229.143-78.857-81.143-1.714-149.143-54.857-172.571-128 11.429 1.714 22.857 2.857 34.857 2.857 16.571 0 33.143-2.286 48.571-6.286-84.571-17.143-148-91.429-148-181.143v-2.286c24.571 13.714 53.143 22.286 83.429 23.429-49.714-33.143-82.286-89.714-82.286-153.714 0-34.286 9.143-65.714 25.143-93.143 90.857 112 227.429 185.143 380.571 193.143-2.857-13.714-4.571-28-4.571-42.286 0-101.714 82.286-184.571 184.571-184.571 53.143 0 101.143 22.286 134.857 58.286 41.714-8 81.714-23.429 117.143-44.571-13.714 42.857-42.857 78.857-81.143 101.714 37.143-4 73.143-14.286 106.286-28.571z"
        ],
        "width": 950.8571428571428,
        "attrs": [],
        "isMulticolor": false,
        "isMulticolor2": false,
        "tags": [
          "twitter"
        ],
        "defaultCode": 61593,
        "grid": 14
      },
      "attrs": [],
      "properties": {
        "name": "twitter",
        "id": 145,
        "order": 9,
        "prevSize": 42,
        "code": 61593
      },
      "setIdx": 0,
      "setId": 2,
      "iconIdx": 145
    },
    {
      "icon": {
        "paths": [
          "M548 6.857v150.857h-89.714c-70.286 0-83.429 33.714-83.429 82.286v108h167.429l-22.286 169.143h-145.143v433.714h-174.857v-433.714h-145.714v-169.143h145.714v-124.571c0-144.571 88.571-223.429 217.714-223.429 61.714 0 114.857 4.571 130.286 6.857z"
        ],
        "width": 602.2582857142856,
        "attrs": [],
        "isMulticolor": false,
        "isMulticolor2": false,
        "tags": [
          "facebook",
          "facebook-f"
        ],
        "defaultCode": 61594,
        "grid": 14
      },
      "attrs": [],
      "properties": {
        "name": "facebook, facebook-f",
        "id": 146,
        "order": 11,
        "prevSize": 42,
        "code": 61594
      },
      "setIdx": 0,
      "setId": 2,
      "iconIdx": 146
    },
    {
      "icon": {
        "paths": [
          "M438.857 73.143c242.286 0 438.857 196.571 438.857 438.857 0 193.714-125.714 358.286-300 416.571-22.286 4-30.286-9.714-30.286-21.143 0-14.286 0.571-61.714 0.571-120.571 0-41.143-13.714-67.429-29.714-81.143 97.714-10.857 200.571-48 200.571-216.571 0-48-17.143-86.857-45.143-117.714 4.571-11.429 19.429-56-4.571-116.571-36.571-11.429-120.571 45.143-120.571 45.143-34.857-9.714-72.571-14.857-109.714-14.857s-74.857 5.143-109.714 14.857c0 0-84-56.571-120.571-45.143-24 60.571-9.143 105.143-4.571 116.571-28 30.857-45.143 69.714-45.143 117.714 0 168 102.286 205.714 200 216.571-12.571 11.429-24 30.857-28 58.857-25.143 11.429-89.143 30.857-127.429-36.571-24-41.714-67.429-45.143-67.429-45.143-42.857-0.571-2.857 26.857-2.857 26.857 28.571 13.143 48.571 64 48.571 64 25.714 78.286 148 52 148 52 0 36.571 0.571 70.857 0.571 81.714 0 11.429-8 25.143-30.286 21.143-174.286-58.286-300-222.857-300-416.571 0-242.286 196.571-438.857 438.857-438.857zM166.286 703.429c1.143-2.286-0.571-5.143-4-6.857-3.429-1.143-6.286-0.571-7.429 1.143-1.143 2.286 0.571 5.143 4 6.857 2.857 1.714 6.286 1.143 7.429-1.143zM184 722.857c2.286-1.714 1.714-5.714-1.143-9.143-2.857-2.857-6.857-4-9.143-1.714-2.286 1.714-1.714 5.714 1.143 9.143 2.857 2.857 6.857 4 9.143 1.714zM201.143 748.571c2.857-2.286 2.857-6.857 0-10.857-2.286-4-6.857-5.714-9.714-3.429-2.857 1.714-2.857 6.286 0 10.286s7.429 5.714 9.714 4zM225.143 772.571c2.286-2.286 1.143-7.429-2.286-10.857-4-4-9.143-4.571-11.429-1.714-2.857 2.286-1.714 7.429 2.286 10.857 4 4 9.143 4.571 11.429 1.714zM257.714 786.857c1.143-3.429-2.286-7.429-7.429-9.143-4.571-1.143-9.714 0.571-10.857 4s2.286 7.429 7.429 8.571c4.571 1.714 9.714 0 10.857-3.429zM293.714 789.714c0-4-4.571-6.857-9.714-6.286-5.143 0-9.143 2.857-9.143 6.286 0 4 4 6.857 9.714 6.286 5.143 0 9.143-2.857 9.143-6.286zM326.857 784c-0.571-3.429-5.143-5.714-10.286-5.143-5.143 1.143-8.571 4.571-8 8.571 0.571 3.429 5.143 5.714 10.286 4.571s8.571-4.571 8-8z"
        ],
        "width": 877.7142857142857,
        "attrs": [],
        "isMulticolor": false,
        "isMulticolor2": false,
        "tags": [
          "github"
        ],
        "defaultCode": 61595,
        "grid": 14
      },
      "attrs": [],
      "properties": {
        "name": "github",
        "id": 147,
        "order": 10,
        "prevSize": 42,
        "code": 61595
      },
      "setIdx": 0,
      "setId": 2,
      "iconIdx": 147
    },
    {
      "icon": {
        "paths": [
          "M341.143 240.571v670.286c0 17.714-8.571 34.286-28 34.286-6.857 0-13.143-1.714-18.857-4.571l-265.714-133.143c-16-8-28.571-28.571-28.571-45.714v-651.429c0-14.286 6.857-27.429 22.286-27.429 9.143 0 17.143 4.571 25.143 8.571l292 146.286c0.571 0.571 1.714 2.286 1.714 2.857zM377.714 298.286l305.143 494.857-305.143-152v-342.857zM1024 308.571v602.286c0 18.857-10.857 32-29.714 32-9.714 0-18.857-2.857-26.857-7.429l-252-125.714zM1022.286 240c0 2.286-295.429 481.714-318.286 518.286l-222.857-362.286 185.143-301.143c6.286-10.286 17.714-16 29.714-16 5.143 0 10.286 1.143 14.857 3.429l309.143 154.286c1.143 0.571 2.286 1.714 2.286 3.429z"
        ],
        "width": 1024,
        "attrs": [],
        "isMulticolor": false,
        "isMulticolor2": false,
        "tags": [
          "medium"
        ],
        "defaultCode": 62010,
        "grid": 14
      },
      "attrs": [],
      "properties": {
        "name": "medium",
        "id": 519,
        "order": 7,
        "prevSize": 42,
        "code": 62010
      },
      "setIdx": 0,
      "setId": 2,